INSERT INTO public."Meds"(id, name, price, available_qty, shop_id, favorite) VALUES (1, 'Humira', 10.99, 50, 1, false);
INSERT INTO public."Meds"(id, name, price, available_qty, shop_id, favorite) VALUES (2, 'Humira', 10.99, 50, 2, false);
INSERT INTO public."Meds"(id, name, price, available_qty, shop_id, favorite) VALUES (3, 'Humira', 10.99, 50, 3, false);
INSERT INTO public."Meds"(id, name, price, available_qty, shop_id, favorite) VALUES (4, 'Humira', 10.99, 50, 4, false);
INSERT INTO public."Meds"(id, name, price, available_qty, shop_id, favorite) VALUES (5, 'Humira', 10.99, 50, 5, false);
INSERT INTO public."Meds"(id, name, price, available_qty, shop_id, favorite) VALUES (6, 'Humira', 10.99, 50, 6, false);
INSERT INTO public."Meds"(id, name, price, available_qty, shop_id, favorite) VALUES (7, 'Humira', 10.99, 50, 7, false);
INSERT INTO public."Meds"(id, name, price, available_qty, shop_id, favorite) VALUES (8, 'Humira', 10.99, 50, 8, false);
INSERT INTO public."Meds"(id, name, price, available_qty, shop_id, favorite) VALUES (9, 'Humira', 10.99, 50, 9, false);
INSERT INTO public."Meds"(id, name, price, available_qty, shop_id, favorite) VALUES (10, 'Humira', 10.99, 50, 10, false);
INSERT INTO public."Meds"(id, name, price, available_qty, shop_id, favorite) VALUES (11, 'Atorvastatin', 10.99, 50, 1, false);
INSERT INTO public."Meds"(id, name, price, available_qty, shop_id, favorite) VALUES (12, 'Atorvastatin', 10.99, 50, 2, false);
INSERT INTO public."Meds"(id, name, price, available_qty, shop_id, favorite) VALUES (13, 'Atorvastatin', 10.99, 50, 3, false);
INSERT INTO public."Meds"(id, name, price, available_qty, shop_id, favorite) VALUES (14, 'Atorvastatin', 10.99, 50, 4, false);
INSERT INTO public."Meds"(id, name, price, available_qty, shop_id, favorite) VALUES (15, 'Atorvastatin', 10.99, 50, 5, false);
INSERT INTO public."Meds"(id, name, price, available_qty, shop_id, favorite) VALUES (16, 'Atorvastatin', 10.99, 50, 6, false);
INSERT INTO public."Meds"(id, name, price, available_qty, shop_id, favorite) VALUES (17, 'Atorvastatin', 10.99, 50, 7, false);
INSERT INTO public."Meds"(id, name, price, available_qty, shop_id, favorite) VALUES (18, 'Atorvastatin', 10.99, 50, 8, false);
INSERT INTO public."Meds"(id, name, price, available_qty, shop_id, favorite) VALUES (19, 'Atorvastatin', 10.99, 50, 9, false);
INSERT INTO public."Meds"(id, name, price, available_qty, shop_id, favorite) VALUES (20, 'Atorvastatin', 10.99, 50, 10, false);
INSERT INTO public."Meds"(id, name, price, available_qty, shop_id, favorite) VALUES (21, 'Levothyroxine', 10.99, 50, 1, false);
INSERT INTO public."Meds"(id, name, price, available_qty, shop_id, favorite) VALUES (22, 'Levothyroxine', 10.99, 50, 2, false);
INSERT INTO public."Meds"(id, name, price, available_qty, shop_id, favorite) VALUES (23, 'Levothyroxine', 10.99, 50, 3, false);
INSERT INTO public."Meds"(id, name, price, available_qty, shop_id, favorite) VALUES (24, 'Levothyroxine', 10.99, 50, 4, false);
INSERT INTO public."Meds"(id, name, price, available_qty, shop_id, favorite) VALUES (25, 'Levothyroxine', 10.99, 50, 5, false);
INSERT INTO public."Meds"(id, name, price, available_qty, shop_id, favorite) VALUES (26, 'Levothyroxine', 10.99, 50, 6, false);
INSERT INTO public."Meds"(id, name, price, available_qty, shop_id, favorite) VALUES (27, 'Levothyroxine', 10.99, 50, 7, false);
INSERT INTO public."Meds"(id, name, price, available_qty, shop_id, favorite) VALUES (28, 'Levothyroxine', 10.99, 50, 8, false);
INSERT INTO public."Meds"(id, name, price, available_qty, shop_id, favorite) VALUES (29, 'Levothyroxine', 10.99, 50, 9, false);
INSERT INTO public."Meds"(id, name, price, available_qty, shop_id, favorite) VALUES (30, 'Levothyroxine', 10.99, 50, 10, false);
INSERT INTO public."Meds"(id, name, price, available_qty, shop_id, favorite) VALUES (31, 'Lisinopril', 10.99, 50, 1, false);
INSERT INTO public."Meds"(id, name, price, available_qty, shop_id, favorite) VALUES (32, 'Lisinopril', 10.99, 50, 2, false);
INSERT INTO public."Meds"(id, name, price, available_qty, shop_id, favorite) VALUES (33, 'Lisinopril', 10.99, 50, 3, false);
INSERT INTO public."Meds"(id, name, price, available_qty, shop_id, favorite) VALUES (34, 'Lisinopril', 10.99, 50, 4, false);
INSERT INTO public."Meds"(id, name, price, available_qty, shop_id, favorite) VALUES (35, 'Lisinopril', 10.99, 50, 5, false);
INSERT INTO public."Meds"(id, name, price, available_qty, shop_id, favorite) VALUES (36, 'Lisinopril', 10.99, 50, 6, false);
INSERT INTO public."Meds"(id, name, price, available_qty, shop_id, favorite) VALUES (37, 'Lisinopril', 10.99, 50, 7, false);
INSERT INTO public."Meds"(id, name, price, available_qty, shop_id, favorite) VALUES (38, 'Lisinopril', 10.99, 50, 8, false);
INSERT INTO public."Meds"(id, name, price, available_qty, shop_id, favorite) VALUES (39, 'Lisinopril', 10.99, 50, 9, false);
INSERT INTO public."Meds"(id, name, price, available_qty, shop_id, favorite) VALUES (40, 'Lisinopril', 10.99, 50, 10, false);
INSERT INTO public."Meds"(id, name, price, available_qty, shop_id, favorite) VALUES (41, 'Metformin', 10.99, 50, 1, false);
INSERT INTO public."Meds"(id, name, price, available_qty, shop_id, favorite) VALUES (42, 'Metformin', 10.99, 50, 2, false);
INSERT INTO public."Meds"(id, name, price, available_qty, shop_id, favorite) VALUES (43, 'Metformin', 10.99, 50, 3, false);
INSERT INTO public."Meds"(id, name, price, available_qty, shop_id, favorite) VALUES (44, 'Metformin', 10.99, 50, 4, false);
INSERT INTO public."Meds"(id, name, price, available_qty, shop_id, favorite) VALUES (45, 'Metformin', 10.99, 50, 5, false);
INSERT INTO public."Meds"(id, name, price, available_qty, shop_id, favorite) VALUES (46, 'Metformin', 10.99, 50, 6, false);
INSERT INTO public."Meds"(id, name, price, available_qty, shop_id, favorite) VALUES (47, 'Metformin', 10.99, 50, 7, false);
INSERT INTO public."Meds"(id, name, price, available_qty, shop_id, favorite) VALUES (48, 'Metformin', 10.99, 50, 8, false);
INSERT INTO public."Meds"(id, name, price, available_qty, shop_id, favorite) VALUES (49, 'Metformin', 10.99, 50, 9, false);
INSERT INTO public."Meds"(id, name, price, available_qty, shop_id, favorite) VALUES (50, 'Metformin', 10.99, 50, 10, false);
INSERT INTO public."Meds"(id, name, price, available_qty, shop_id, favorite) VALUES (51, 'Simvastatin', 10.99, 50, 1, false);
INSERT INTO public."Meds"(id, name, price, available_qty, shop_id, favorite) VALUES (52, 'Simvastatin', 10.99, 50, 2, false);
INSERT INTO public."Meds"(id, name, price, available_qty, shop_id, favorite) VALUES (53, 'Simvastatin', 10.99, 50, 3, false);
INSERT INTO public."Meds"(id, name, price, available_qty, shop_id, favorite) VALUES (54, 'Simvastatin', 10.99, 50, 4, false);
INSERT INTO public."Meds"(id, name, price, available_qty, shop_id, favorite) VALUES (55, 'Simvastatin', 10.99, 50, 5, false);
INSERT INTO public."Meds"(id, name, price, available_qty, shop_id, favorite) VALUES (56, 'Simvastatin', 10.99, 50, 6, false);
INSERT INTO public."Meds"(id, name, price, available_qty, shop_id, favorite) VALUES (57, 'Simvastatin', 10.99, 50, 7, false);
INSERT INTO public."Meds"(id, name, price, available_qty, shop_id, favorite) VALUES (58, 'Simvastatin', 10.99, 50, 8, false);
INSERT INTO public."Meds"(id, name, price, available_qty, shop_id, favorite) VALUES (59, 'Simvastatin', 10.99, 50, 9, false);
INSERT INTO public."Meds"(id, name, price, available_qty, shop_id, favorite) VALUES (60, 'Simvastatin', 10.99, 50, 10, false);
INSERT INTO public."Meds"(id, name, price, available_qty, shop_id, favorite) VALUES (61, 'Omeprazole', 10.99, 50, 1, false);
INSERT INTO public."Meds"(id, name, price, available_qty, shop_id, favorite) VALUES (62, 'Omeprazole', 10.99, 50, 2, false);
INSERT INTO public."Meds"(id, name, price, available_qty, shop_id, favorite) VALUES (63, 'Omeprazole', 10.99, 50, 3, false);
INSERT INTO public."Meds"(id, name, price, available_qty, shop_id, favorite) VALUES (64, 'Omeprazole', 10.99, 50, 4, false);
INSERT INTO public."Meds"(id, name, price, available_qty, shop_id, favorite) VALUES (65, 'Omeprazole', 10.99, 50, 5, false);
INSERT INTO public."Meds"(id, name, price, available_qty, shop_id, favorite) VALUES (66, 'Omeprazole', 10.99, 50, 6, false);
INSERT INTO public."Meds"(id, name, price, available_qty, shop_id, favorite) VALUES (67, 'Omeprazole', 10.99, 50, 7, false);
INSERT INTO public."Meds"(id, name, price, available_qty, shop_id, favorite) VALUES (68, 'Omeprazole', 10.99, 50, 8, false);
INSERT INTO public."Meds"(id, name, price, available_qty, shop_id, favorite) VALUES (69, 'Omeprazole', 10.99, 50, 9, false);
INSERT INTO public."Meds"(id, name, price, available_qty, shop_id, favorite) VALUES (70, 'Omeprazole', 10.99, 50, 10, false);
INSERT INTO public."Meds"(id, name, price, available_qty, shop_id, favorite) VALUES (71, 'Amlodipine', 10.99, 50, 1, false);
INSERT INTO public."Meds"(id, name, price, available_qty, shop_id, favorite) VALUES (72, 'Amlodipine', 10.99, 50, 2, false);
INSERT INTO public."Meds"(id, name, price, available_qty, shop_id, favorite) VALUES (73, 'Amlodipine', 10.99, 50, 3, false);
INSERT INTO public."Meds"(id, name, price, available_qty, shop_id, favorite) VALUES (74, 'Amlodipine', 10.99, 50, 4, false);
INSERT INTO public."Meds"(id, name, price, available_qty, shop_id, favorite) VALUES (75, 'Amlodipine', 10.99, 50, 5, false);
INSERT INTO public."Meds"(id, name, price, available_qty, shop_id, favorite) VALUES (76, 'Amlodipine', 10.99, 50, 6, false);
INSERT INTO public."Meds"(id, name, price, available_qty, shop_id, favorite) VALUES (77, 'Amlodipine', 10.99, 50, 7, false);
INSERT INTO public."Meds"(id, name, price, available_qty, shop_id, favorite) VALUES (78, 'Amlodipine', 10.99, 50, 8, false);
INSERT INTO public."Meds"(id, name, price, available_qty, shop_id, favorite) VALUES (79, 'Amlodipine', 10.99, 50, 9, false);
INSERT INTO public."Meds"(id, name, price, available_qty, shop_id, favorite) VALUES (80, 'Amlodipine', 10.99, 50, 10, false);
INSERT INTO public."Meds"(id, name, price, available_qty, shop_id, favorite) VALUES (81, 'Metoprolol', 10.99, 50, 1, false);
INSERT INTO public."Meds"(id, name, price, available_qty, shop_id, favorite) VALUES (82, 'Metoprolol', 10.99, 50, 2, false);
INSERT INTO public."Meds"(id, name, price, available_qty, shop_id, favorite) VALUES (83, 'Metoprolol', 10.99, 50, 3, false);
INSERT INTO public."Meds"(id, name, price, available_qty, shop_id, favorite) VALUES (84, 'Metoprolol', 10.99, 50, 4, false);
INSERT INTO public."Meds"(id, name, price, available_qty, shop_id, favorite) VALUES (85, 'Metoprolol', 10.99, 50, 5, false);
INSERT INTO public."Meds"(id, name, price, available_qty, shop_id, favorite) VALUES (86, 'Metoprolol', 10.99, 50, 6, false);
INSERT INTO public."Meds"(id, name, price, available_qty, shop_id, favorite) VALUES (87, 'Metoprolol', 10.99, 50, 7, false);
INSERT INTO public."Meds"(id, name, price, available_qty, shop_id, favorite) VALUES (88, 'Metoprolol', 10.99, 50, 8, false);
INSERT INTO public."Meds"(id, name, price, available_qty, shop_id, favorite) VALUES (89, 'Metoprolol', 10.99, 50, 9, false);
INSERT INTO public."Meds"(id, name, price, available_qty, shop_id, favorite) VALUES (90, 'Metoprolol', 10.99, 50, 10, false);
INSERT INTO public."Meds"(id, name, price, available_qty, shop_id, favorite) VALUES (91, 'Albuterol', 10.99, 50, 1, false);
INSERT INTO public."Meds"(id, name, price, available_qty, shop_id, favorite) VALUES (92, 'Albuterol', 10.99, 50, 2, false);
INSERT INTO public."Meds"(id, name, price, available_qty, shop_id, favorite) VALUES (93, 'Albuterol', 10.99, 50, 3, false);
INSERT INTO public."Meds"(id, name, price, available_qty, shop_id, favorite) VALUES (94, 'Albuterol', 10.99, 50, 4, false);
INSERT INTO public."Meds"(id, name, price, available_qty, shop_id, favorite) VALUES (95, 'Albuterol', 10.99, 50, 5, false);
INSERT INTO public."Meds"(id, name, price, available_qty, shop_id, favorite) VALUES (96, 'Albuterol', 10.99, 50, 6, false);
INSERT INTO public."Meds"(id, name, price, available_qty, shop_id, favorite) VALUES (97, 'Albuterol', 10.99, 50, 7, false);
INSERT INTO public."Meds"(id, name, price, available_qty, shop_id, favorite) VALUES (98, 'Albuterol', 10.99, 50, 8, false);
INSERT INTO public."Meds"(id, name, price, available_qty, shop_id, favorite) VALUES (99, 'Albuterol', 10.99, 50, 9, false);
INSERT INTO public."Meds"(id, name, price, available_qty, shop_id, favorite) VALUES (100, 'Albuterol', 10.99, 50, 10, false);


UPDATE public."Meds" SET price=5.69 WHERE "id"=1;
UPDATE public."Meds" SET price=4.21 WHERE "id"=2;
UPDATE public."Meds" SET price=4.7 WHERE "id"=3;
UPDATE public."Meds" SET price=6.8 WHERE "id"=4;
UPDATE public."Meds" SET price=8.7 WHERE "id"=5;
UPDATE public."Meds" SET price=9.4 WHERE "id"=6;
UPDATE public."Meds" SET price=14.0 WHERE "id"=7;
UPDATE public."Meds" SET price=5.99 WHERE "id"=8;
UPDATE public."Meds" SET price=10.4 WHERE "id"=9;
UPDATE public."Meds" SET price=14.1 WHERE "id"=10;
UPDATE public."Meds" SET price=15.2 WHERE "id"=11;
UPDATE public."Meds" SET price=12.1 WHERE "id"=12;
UPDATE public."Meds" SET price=6.7 WHERE "id"=13;
UPDATE public."Meds" SET price=12.3 WHERE "id"=14;
UPDATE public."Meds" SET price=7.9 WHERE "id"=15;
UPDATE public."Meds" SET price=11.3 WHERE "id"=16;
UPDATE public."Meds" SET price=8.9 WHERE "id"=17;
UPDATE public."Meds" SET price=9.6 WHERE "id"=18;
UPDATE public."Meds" SET price=10.3 WHERE "id"=19;
UPDATE public."Meds" SET price=4.9 WHERE "id"=20;
UPDATE public."Meds" SET price=5.8 WHERE "id"=21;
UPDATE public."Meds" SET price=7.5 WHERE "id"=22;
UPDATE public."Meds" SET price=7.4 WHERE "id"=23;
UPDATE public."Meds" SET price=7.1 WHERE "id"=24;
UPDATE public."Meds" SET price=7.2 WHERE "id"=25;
UPDATE public."Meds" SET price=7.3 WHERE "id"=26;
UPDATE public."Meds" SET price=7.9 WHERE "id"=27;
UPDATE public."Meds" SET price=7.5 WHERE "id"=28;
UPDATE public."Meds" SET price=7.7 WHERE "id"=29;
UPDATE public."Meds" SET price=7.2 WHERE "id"=30;
UPDATE public."Meds" SET price=8.2 WHERE "id"=31;
UPDATE public."Meds" SET price=8.4 WHERE "id"=32;
UPDATE public."Meds" SET price=8.2 WHERE "id"=33;
UPDATE public."Meds" SET price=8.3 WHERE "id"=34;
UPDATE public."Meds" SET price=8.1 WHERE "id"=35;
UPDATE public."Meds" SET price=8.9 WHERE "id"=36;
UPDATE public."Meds" SET price=8.8 WHERE "id"=37;
UPDATE public."Meds" SET price=8.7 WHERE "id"=38;
UPDATE public."Meds" SET price=8.6 WHERE "id"=39;
UPDATE public."Meds" SET price=8.5 WHERE "id"=40;
UPDATE public."Meds" SET price=8.4 WHERE "id"=41;
UPDATE public."Meds" SET price=8.3 WHERE "id"=42;
UPDATE public."Meds" SET price=8.2 WHERE "id"=43;
UPDATE public."Meds" SET price=8.1 WHERE "id"=44;
UPDATE public."Meds" SET price=8.5 WHERE "id"=45;
UPDATE public."Meds" SET price=8.9 WHERE "id"=46;
UPDATE public."Meds" SET price=8.7 WHERE "id"=47;
UPDATE public."Meds" SET price=8.6 WHERE "id"=48;
UPDATE public."Meds" SET price=9.1 WHERE "id"=49;
UPDATE public."Meds" SET price=9.2 WHERE "id"=50;
UPDATE public."Meds" SET price=9.3 WHERE "id"=51;
UPDATE public."Meds" SET price=9.4 WHERE "id"=52;
UPDATE public."Meds" SET price=9.5 WHERE "id"=53;
UPDATE public."Meds" SET price=9.6 WHERE "id"=54;
UPDATE public."Meds" SET price=9.7 WHERE "id"=55;
UPDATE public."Meds" SET price=9.8 WHERE "id"=56;
UPDATE public."Meds" SET price=9.9 WHERE "id"=57;
UPDATE public."Meds" SET price=9.1 WHERE "id"=58;
UPDATE public."Meds" SET price=9.2 WHERE "id"=59;
UPDATE public."Meds" SET price=9.3 WHERE "id"=60;
UPDATE public."Meds" SET price=9.4 WHERE "id"=61;
UPDATE public."Meds" SET price=9.5 WHERE "id"=62;
UPDATE public."Meds" SET price=9.6 WHERE "id"=63;
UPDATE public."Meds" SET price=9.7 WHERE "id"=64;
UPDATE public."Meds" SET price=9.8 WHERE "id"=65;
UPDATE public."Meds" SET price=10.8 WHERE "id"=66;
UPDATE public."Meds" SET price=10.9 WHERE "id"=67;
UPDATE public."Meds" SET price=10.7 WHERE "id"=68;
UPDATE public."Meds" SET price=10.6 WHERE "id"=69;
UPDATE public."Meds" SET price=10.5 WHERE "id"=70;
UPDATE public."Meds" SET price=10.4 WHERE "id"=71;
UPDATE public."Meds" SET price=10.3 WHERE "id"=72;
UPDATE public."Meds" SET price=10.2 WHERE "id"=73;
UPDATE public."Meds" SET price=10.1 WHERE "id"=74;
UPDATE public."Meds" SET price=10.9 WHERE "id"=75;
UPDATE public."Meds" SET price=10.8 WHERE "id"=76;
UPDATE public."Meds" SET price=10.7 WHERE "id"=77;
UPDATE public."Meds" SET price=10.6 WHERE "id"=78;
UPDATE public."Meds" SET price=10.7 WHERE "id"=79;
UPDATE public."Meds" SET price=10.5 WHERE "id"=80;
UPDATE public."Meds" SET price=10.4 WHERE "id"=81;
UPDATE public."Meds" SET price=10.3 WHERE "id"=82;
UPDATE public."Meds" SET price=10.2 WHERE "id"=83;
UPDATE public."Meds" SET price=11.1 WHERE "id"=84;
UPDATE public."Meds" SET price=11.2 WHERE "id"=85;
UPDATE public."Meds" SET price=11.3 WHERE "id"=86;
UPDATE public."Meds" SET price=11.4 WHERE "id"=87;
UPDATE public."Meds" SET price=11.5 WHERE "id"=88;
UPDATE public."Meds" SET price=11.4 WHERE "id"=89;
UPDATE public."Meds" SET price=11.6 WHERE "id"=90;
UPDATE public."Meds" SET price=11.7 WHERE "id"=91;
UPDATE public."Meds" SET price=11.8 WHERE "id"=92;
UPDATE public."Meds" SET price=11.9 WHERE "id"=93;
UPDATE public."Meds" SET price=11.8 WHERE "id"=94;
UPDATE public."Meds" SET price=11.7 WHERE "id"=95;
UPDATE public."Meds" SET price=11.6 WHERE "id"=96;
UPDATE public."Meds" SET price=11.5 WHERE "id"=97;
UPDATE public."Meds" SET price=11.4 WHERE "id"=98;
UPDATE public."Meds" SET price=11.3 WHERE "id"=99;
UPDATE public."Meds" SET price=11.2 WHERE "id"=100;

INSERT INTO public.shops(id, name, adress) VALUES (1, 'DobryLikar', 'Kyiv, 30-345, vulytsia Myru 1');
INSERT INTO public.shops(id, name, adress) VALUES (2, 'Zdrorovja', 'Zhytomyr, 30-345, vulytsia Kroshenska 1');
INSERT INTO public.shops(id, name, adress) VALUES (3, 'Apteka24/7', 'Lviv, 30-345, vulytsia Likarska 17');
INSERT INTO public.shops(id, name, adress) VALUES (4, 'Pharmacja', 'Zaporizhzhia, 30-345, vulytsia Holovna 10');
INSERT INTO public.shops(id, name, adress) VALUES (5, 'Dopomoha', 'Odesa, 30-345, vulytsia Derybasivska 20');
INSERT INTO public.shops(id, name, adress) VALUES (6, 'Lik', 'Kyiv, 30-345, vulytsia Bazhana 17');
INSERT INTO public.shops(id, name, adress) VALUES (7, 'Medhelp', 'Sumy, 30-345, vulytsia Poltavska 41');
INSERT INTO public.shops(id, name, adress) VALUES (8, 'Medico', 'Kremenchuk, 30-345, vulytsia Dobrovoltsiv 3');
INSERT INTO public.shops(id, name, adress) VALUES (9, 'NaZdorovja', 'Kyiv, 30-345, prospekt Telihy 2');
INSERT INTO public.shops(id, name, adress) VALUES (10, 'Liky', 'Kherson, 30-345, vulytsia Vesniana 1');

INSERT INTO public.customers(id, name, adress) VALUES (1, 'Mykyta Volynets', 'Kyiv, vulytsia Myrna 1, 23-678');
INSERT INTO public.customers(id, name, adress) VALUES (2, 'Olena Ptchilka', 'Kharkiv, vulytsia Saltivska 15, 23-678');
INSERT INTO public.customers(id, name, adress) VALUES (3, 'Oleh Gutsai', 'Mykolaiv, vulytsia Morska 34, 23-678');
INSERT INTO public.customers(id, name, adress) VALUES (4, 'Oleksandr Bilyj', 'Odesa, vulytsia Bazaru 12, 23-678');
INSERT INTO public.customers(id, name, adress) VALUES (5, 'Katrina Sych', 'Zhytomyr, vulytsia Heroiv 15, 23-678');



INSERT INTO public."MedsToShops" (id, "med_Id", "shopId") VALUES (1, 1, 1);
INSERT INTO public."MedsToShops" (id, "med_Id", "shopId") VALUES (2, 2, 2);
INSERT INTO public."MedsToShops" (id, "med_Id", "shopId") VALUES (3, 3, 3);
INSERT INTO public."MedsToShops" (id, "med_Id", "shopId") VALUES (4, 4, 4);
INSERT INTO public."MedsToShops" (id, "med_Id", "shopId") VALUES (5, 5, 5);
INSERT INTO public."MedsToShops" (id, "med_Id", "shopId") VALUES (6, 6, 6);
INSERT INTO public."MedsToShops" (id, "med_Id", "shopId") VALUES (7, 7, 7);
INSERT INTO public."MedsToShops" (id, "med_Id", "shopId") VALUES (8, 8, 8);
INSERT INTO public."MedsToShops" (id, "med_Id", "shopId") VALUES (9, 9, 9);
INSERT INTO public."MedsToShops" (id, "med_Id", "shopId") VALUES (10, 10, 10);
INSERT INTO public."MedsToShops" (id, "med_Id", "shopId") VALUES (11, 11, 1);
INSERT INTO public."MedsToShops" (id, "med_Id", "shopId") VALUES (12, 12, 2);
INSERT INTO public."MedsToShops" (id, "med_Id", "shopId") VALUES (13, 13, 3);
INSERT INTO public."MedsToShops" (id, "med_Id", "shopId") VALUES (14, 14, 4);
INSERT INTO public."MedsToShops" (id, "med_Id", "shopId") VALUES (15, 15, 5);
INSERT INTO public."MedsToShops" (id, "med_Id", "shopId") VALUES (16, 16, 6);
INSERT INTO public."MedsToShops" (id, "med_Id", "shopId") VALUES (17, 17, 7);
INSERT INTO public."MedsToShops" (id, "med_Id", "shopId") VALUES (18, 18, 8);
INSERT INTO public."MedsToShops" (id, "med_Id", "shopId") VALUES (19, 19, 9);
INSERT INTO public."MedsToShops" (id, "med_Id", "shopId") VALUES (20, 20, 10);
INSERT INTO public."MedsToShops" (id, "med_Id", "shopId") VALUES (21, 21, 1);
INSERT INTO public."MedsToShops" (id, "med_Id", "shopId") VALUES (22, 22, 2);
INSERT INTO public."MedsToShops" (id, "med_Id", "shopId") VALUES (23, 23, 3);
INSERT INTO public."MedsToShops" (id, "med_Id", "shopId") VALUES (24, 24, 4);
INSERT INTO public."MedsToShops" (id, "med_Id", "shopId") VALUES (25, 25, 5);
INSERT INTO public."MedsToShops" (id, "med_Id", "shopId") VALUES (26, 26, 6);
INSERT INTO public."MedsToShops" (id, "med_Id", "shopId") VALUES (27, 27, 7);
INSERT INTO public."MedsToShops" (id, "med_Id", "shopId") VALUES (28, 28, 8);
INSERT INTO public."MedsToShops" (id, "med_Id", "shopId") VALUES (29, 29, 9);
INSERT INTO public."MedsToShops" (id, "med_Id", "shopId") VALUES (30, 30, 10);
INSERT INTO public."MedsToShops" (id, "med_Id", "shopId") VALUES (31, 31, 1);
INSERT INTO public."MedsToShops" (id, "med_Id", "shopId") VALUES (32, 32, 2);
INSERT INTO public."MedsToShops" (id, "med_Id", "shopId") VALUES (33, 33, 3);
INSERT INTO public."MedsToShops" (id, "med_Id", "shopId") VALUES (34, 34, 4);
INSERT INTO public."MedsToShops" (id, "med_Id", "shopId") VALUES (35, 35, 5);
INSERT INTO public."MedsToShops" (id, "med_Id", "shopId") VALUES (36, 36, 6);
INSERT INTO public."MedsToShops" (id, "med_Id", "shopId") VALUES (37, 37, 7);
INSERT INTO public."MedsToShops" (id, "med_Id", "shopId") VALUES (38, 38, 8);
INSERT INTO public."MedsToShops" (id, "med_Id", "shopId") VALUES (39, 39, 9);
INSERT INTO public."MedsToShops" (id, "med_Id", "shopId") VALUES (40, 40, 10);
INSERT INTO public."MedsToShops" (id, "med_Id", "shopId") VALUES (41, 41, 1);
INSERT INTO public."MedsToShops" (id, "med_Id", "shopId") VALUES (42, 42, 2);
INSERT INTO public."MedsToShops" (id, "med_Id", "shopId") VALUES (43, 43, 3);
INSERT INTO public."MedsToShops" (id, "med_Id", "shopId") VALUES (44, 44, 4);
INSERT INTO public."MedsToShops" (id, "med_Id", "shopId") VALUES (45, 45, 5);
INSERT INTO public."MedsToShops" (id, "med_Id", "shopId") VALUES (46, 46, 6);
INSERT INTO public."MedsToShops" (id, "med_Id", "shopId") VALUES (47, 47, 7);
INSERT INTO public."MedsToShops" (id, "med_Id", "shopId") VALUES (48, 48, 8);
INSERT INTO public."MedsToShops" (id, "med_Id", "shopId") VALUES (49, 49, 9);
INSERT INTO public."MedsToShops" (id, "med_Id", "shopId") VALUES (50, 50, 10);
INSERT INTO public."MedsToShops" (id, "med_Id", "shopId") VALUES (51, 51, 1);
INSERT INTO public."MedsToShops" (id, "med_Id", "shopId") VALUES (52, 52, 2);
INSERT INTO public."MedsToShops" (id, "med_Id", "shopId") VALUES (53, 53, 3);
INSERT INTO public."MedsToShops" (id, "med_Id", "shopId") VALUES (54, 54, 4);
INSERT INTO public."MedsToShops" (id, "med_Id", "shopId") VALUES (55, 55, 5);
INSERT INTO public."MedsToShops" (id, "med_Id", "shopId") VALUES (56, 56, 6);
INSERT INTO public."MedsToShops" (id, "med_Id", "shopId") VALUES (57, 57, 7);
INSERT INTO public."MedsToShops" (id, "med_Id", "shopId") VALUES (58, 58, 8);
INSERT INTO public."MedsToShops" (id, "med_Id", "shopId") VALUES (59, 59, 9);
INSERT INTO public."MedsToShops" (id, "med_Id", "shopId") VALUES (60, 60, 10);
INSERT INTO public."MedsToShops" (id, "med_Id", "shopId") VALUES (61, 61, 1);
INSERT INTO public."MedsToShops" (id, "med_Id", "shopId") VALUES (62, 62, 2);
INSERT INTO public."MedsToShops" (id, "med_Id", "shopId") VALUES (63, 63, 3);
INSERT INTO public."MedsToShops" (id, "med_Id", "shopId") VALUES (64, 64, 4);
INSERT INTO public."MedsToShops" (id, "med_Id", "shopId") VALUES (65, 65, 5);
INSERT INTO public."MedsToShops" (id, "med_Id", "shopId") VALUES (66, 66, 6);
INSERT INTO public."MedsToShops" (id, "med_Id", "shopId") VALUES (67, 67, 7);
INSERT INTO public."MedsToShops" (id, "med_Id", "shopId") VALUES (68, 68, 8);
INSERT INTO public."MedsToShops" (id, "med_Id", "shopId") VALUES (69, 69, 9);
INSERT INTO public."MedsToShops" (id, "med_Id", "shopId") VALUES (70, 70, 10);
INSERT INTO public."MedsToShops" (id, "med_Id", "shopId") VALUES (71, 71, 1);
INSERT INTO public."MedsToShops" (id, "med_Id", "shopId") VALUES (72, 72, 2);
INSERT INTO public."MedsToShops" (id, "med_Id", "shopId") VALUES (73, 73, 3);
INSERT INTO public."MedsToShops" (id, "med_Id", "shopId") VALUES (74, 74, 4);
INSERT INTO public."MedsToShops" (id, "med_Id", "shopId") VALUES (75, 75, 5);
INSERT INTO public."MedsToShops" (id, "med_Id", "shopId") VALUES (76, 76, 6);
INSERT INTO public."MedsToShops" (id, "med_Id", "shopId") VALUES (77, 77, 7);
INSERT INTO public."MedsToShops" (id, "med_Id", "shopId") VALUES (78, 78, 8);
INSERT INTO public."MedsToShops" (id, "med_Id", "shopId") VALUES (79, 79, 9);
INSERT INTO public."MedsToShops" (id, "med_Id", "shopId") VALUES (80, 80, 10);
INSERT INTO public."MedsToShops" (id, "med_Id", "shopId") VALUES (81, 81, 1);
INSERT INTO public."MedsToShops" (id, "med_Id", "shopId") VALUES (82, 82, 2);
INSERT INTO public."MedsToShops" (id, "med_Id", "shopId") VALUES (83, 83, 3);
INSERT INTO public."MedsToShops" (id, "med_Id", "shopId") VALUES (84, 84, 4);
INSERT INTO public."MedsToShops" (id, "med_Id", "shopId") VALUES (85, 85, 5);
INSERT INTO public."MedsToShops" (id, "med_Id", "shopId") VALUES (86, 86, 6);
INSERT INTO public."MedsToShops" (id, "med_Id", "shopId") VALUES (87, 87, 7);
INSERT INTO public."MedsToShops" (id, "med_Id", "shopId") VALUES (88, 88, 8);
INSERT INTO public."MedsToShops" (id, "med_Id", "shopId") VALUES (89, 89, 9);
INSERT INTO public."MedsToShops" (id, "med_Id", "shopId") VALUES (90, 90, 10);
INSERT INTO public."MedsToShops" (id, "med_Id", "shopId") VALUES (91, 91, 1);
INSERT INTO public."MedsToShops" (id, "med_Id", "shopId") VALUES (92, 92, 2);
INSERT INTO public."MedsToShops" (id, "med_Id", "shopId") VALUES (93, 93, 3);
INSERT INTO public."MedsToShops" (id, "med_Id", "shopId") VALUES (94, 94, 4);
INSERT INTO public."MedsToShops" (id, "med_Id", "shopId") VALUES (95, 95, 5);
INSERT INTO public."MedsToShops" (id, "med_Id", "shopId") VALUES (96, 96, 6);
INSERT INTO public."MedsToShops" (id, "med_Id", "shopId") VALUES (97, 97, 7);
INSERT INTO public."MedsToShops" (id, "med_Id", "shopId") VALUES (98, 98, 8);
INSERT INTO public."MedsToShops" (id, "med_Id", "shopId") VALUES (99, 99, 9);
INSERT INTO public."MedsToShops" (id, "med_Id", "shopId") VALUES (100, 100, 10);


UPDATE public."Orders" SET "customerName"='Vicky Melone', "customerEmail"='vickymelone@gmail.com' WHERE "customerId"=20;
UPDATE public."Orders" SET "customerName"='Terry Jones', "customerEmail"='terryjones@gmail.com' WHERE "customerId"=15;
UPDATE public."Orders" SET "customerName"='Merry Hill', "customerEmail"='merryhill@gmail.com' WHERE "customerId"=16;
UPDATE public."Orders" SET "customerName"='Kate Wesly', "customerEmail"='katewesly@gmail.com' WHERE "customerId"=17;